fwhm_x	fwhm_y	fwhm_z
7.276618	5.663303	6.821389
