fwhm_x	fwhm_y	fwhm_z
6.777212	5.81221	5.125678
