fwhm_x	fwhm_y	fwhm_z
8.197818	6.390666	6.125073
