fwhm_x	fwhm_y	fwhm_z
6.592179	5.52908	5.596673
