fwhm_x	fwhm_y	fwhm_z
7.208967	6.268657	6.178263
