fwhm_x	fwhm_y	fwhm_z
6.578164	6.335763	6.652681
